optimizer,seed,evaluation,mae,runtime
"SAASBO, sparse start",3,1,0.2947619212968509,162.85075782813382
"SAASBO, sparse start",3,2,0.3580814598089429,100.26989884884881
"SAASBO, sparse start",3,3,0.3492749026858311,101.22714110087871
"SAASBO, sparse start",3,4,0.3494599850585093,175.97686817210905
"SAASBO, sparse start",3,5,0.33477233517243454,146.34380600938397
"SAASBO, sparse start",3,6,0.2951350045013908,234.06824865100646
"SAASBO, sparse start",3,7,0.7526341695740048,281.7250978359409
"SAASBO, sparse start",3,8,0.44714308193217717,238.38813480658087
"SAASBO, sparse start",3,9,0.30831476402883334,164.5381984755472
"SAASBO, sparse start",3,10,0.29340152595935276,184.38167781953385
"SAASBO, sparse start",3,11,0.3225693289117161,162.85464615388247
"SAASBO, sparse start",3,12,0.29452478096901763,185.64531591326713
"SAASBO, sparse start",3,13,0.3238039676663578,179.44411062960214
"SAASBO, sparse start",3,14,0.3226402658907319,144.8492264533677
"SAASBO, sparse start",3,15,0.28645651747726,187.634303512924
"SAASBO, sparse start",3,16,0.308332959629033,200.32294218613424
"SAASBO, sparse start",3,17,0.29733229694401525,165.00186013384126
"SAASBO, sparse start",3,18,0.2967160471725097,178.43988739390974
"SAASBO, sparse start",3,19,0.3191726655101279,142.33271985111253
"SAASBO, sparse start",3,20,0.30918527943700724,189.2830498547638
"SAASBO, sparse start",3,21,0.30782830977659614,185.31698125141725
"SAASBO, sparse start",3,22,0.29579564987140566,149.04092539223976
"SAASBO, sparse start",3,23,0.30466545562164066,194.91893821724474
"SAASBO, sparse start",3,24,0.29945798855771316,178.494032892624
"SAASBO, sparse start",3,25,0.30066345661044397,195.1471005089036
"SAASBO, sparse start",3,26,0.30444653144347966,173.4383379134975
"SAASBO, sparse start",3,27,0.2949932946192739,154.41191821773506
"SAASBO, sparse start",3,28,0.29756986956468473,165.60935559955172
"SAASBO, sparse start",3,29,0.32381443344890026,135.45316553900398
"SAASBO, sparse start",3,30,0.3285126743521851,156.79820811179326
"SAASBO, sparse start",3,31,0.32065456891523153,157.56893589982897
"SAASBO, sparse start",3,32,0.3017405042312602,169.31673848029547
"SAASBO, sparse start",3,33,0.33167130769875075,152.86293609430948
"SAASBO, sparse start",3,34,0.2906613540481873,201.13343224266654
"SAASBO, sparse start",3,35,0.32826938302197045,128.8633591976698
"SAASBO, sparse start",3,36,0.3206708560131078,180.25504403223476
"SAASBO, sparse start",3,37,0.2896364124097992,229.57426196780497
"SAASBO, sparse start",3,38,0.2951011617418411,184.90803907206984
"SAASBO, sparse start",3,39,0.30133928851114716,165.2409002256
"SAASBO, sparse start",3,40,0.30258415295672264,140.99095676893316
"SAASBO, sparse start",3,41,0.29413633843484654,172.22103445685656
"SAASBO, sparse start",3,42,0.3248753773641646,108.45714055199336
"SAASBO, sparse start",3,43,0.29533995628899185,211.94528095847448
"SAASBO, sparse start",3,44,0.3140926950985075,193.93898943661114
"SAASBO, sparse start",3,45,0.3325269939153017,148.4013428471315
"SAASBO, sparse start",3,46,0.29598277979670873,204.23769068206713
"SAASBO, sparse start",3,47,0.29492021676819524,206.11958332991293
"SAASBO, sparse start",3,48,0.28513004455406354,184.34275308226083
"SAASBO, sparse start",3,49,0.29411761976487316,191.04381635774186
"SAASBO, sparse start",3,50,0.2944781878761746,163.19006895254037
"SAASBO, sparse start",3,51,0.3342047551191251,181.36093091348968
"SAASBO, sparse start",3,52,0.3003434082601687,186.0633260833617
"SAASBO, sparse start",3,53,0.30071951294273597,146.4435990499194
"SAASBO, sparse start",3,54,0.31556170767249475,169.4249963417067
"SAASBO, sparse start",3,55,0.3025412270670684,159.69048485832187
"SAASBO, sparse start",3,56,0.3084974252628151,173.26214215663657
"SAASBO, sparse start",3,57,0.28708079731962516,206.08946960523787
"SAASBO, sparse start",3,58,0.3052309533812153,207.39940056637707
"SAASBO, sparse start",3,59,0.2875738328635172,181.80666174963926
"SAASBO, sparse start",3,60,0.3018821259697722,152.93225324737733
"SAASBO, sparse start",3,61,0.31388570789482073,126.85504899277598
"SAASBO, sparse start",3,62,0.2920270581803909,171.75010027900973
"SAASBO, sparse start",3,63,0.3248511761634822,133.67697514564534
"SAASBO, sparse start",3,64,0.29412402988438235,273.36975469954774
"SAASBO, sparse start",3,65,0.2843721344501522,209.363678545838
"SAASBO, sparse start",3,66,0.2872561668526743,178.91325545512746
"SAASBO, sparse start",3,67,0.28353087233592167,218.43694143785598
"SAASBO, sparse start",3,68,0.30433307451320807,184.9081225898372
"SAASBO, sparse start",3,69,0.27308029947577966,202.02425660848007
"SAASBO, sparse start",3,70,0.28824219351208386,254.68179569151997
"SAASBO, sparse start",3,71,0.2949992794337557,205.86687088056743
"SAASBO, sparse start",3,72,0.30694805943914766,219.46787206042163
"SAASBO, sparse start",3,73,0.28585496638262137,153.27589365351042
"SAASBO, sparse start",3,74,0.2929559524561362,210.8777446922811
"SAASBO, sparse start",3,75,0.2862547569801876,209.20075439886054
"SAASBO, sparse start",3,76,0.28564649163271094,172.11266420934427
"SAASBO, sparse start",3,77,0.283721261938256,229.7568937941472
"SAASBO, sparse start",3,78,0.29733404994235113,186.31172952502783
"SAASBO, sparse start",3,79,0.2741668611807312,209.68996575297012
"SAASBO, sparse start",3,80,0.2867229281178541,177.00486277005578
"SAASBO, sparse start",3,81,0.28549123234691015,176.24946201813162
"SAASBO, sparse start",3,82,0.28735175358892945,156.69144360589073
"SAASBO, sparse start",3,83,0.2923203721732425,263.41530477983343
"SAASBO, sparse start",3,84,0.28536315039565635,201.52737677100487
"SAASBO, sparse start",3,85,0.286669118986094,187.16713223844542
"SAASBO, sparse start",3,86,0.27287783594385057,211.60237959676007
"SAASBO, sparse start",3,87,0.2728306873801248,164.49195960585075
"SAASBO, sparse start",3,88,0.3039835733096683,179.85069628831357
"SAASBO, sparse start",3,89,0.27545091734053156,218.82859276443443
"SAASBO, sparse start",3,90,0.2873613739477543,221.2169470989821
"SAASBO, sparse start",3,91,0.27838732942799743,178.23912986766143
"SAASBO, sparse start",3,92,0.2846890733002991,219.67898709743358
"SAASBO, sparse start",3,93,0.27806571603694963,178.4807271434466
"SAASBO, sparse start",3,94,0.2773400481253095,199.99394183927274
"SAASBO, sparse start",3,95,0.2746682991790721,209.15326136717204
"SAASBO, sparse start",3,96,0.2890107295642682,148.5429783748419
"SAASBO, sparse start",3,97,0.2772878147084866,200.3193938018299
"SAASBO, sparse start",3,98,0.277497491931428,159.17826761642024
"SAASBO, sparse start",3,99,0.2899089740618696,157.79852805594086
"SAASBO, sparse start",3,100,0.2882623399576401,216.72935334893396
"SAASBO, default start",3,1,0.30706345601006757,194.30074207735836
"SAASBO, default start",3,2,0.3225693289117161,162.85464615388247
"SAASBO, default start",3,3,0.29781506893855775,182.44284876111632
"SAASBO, default start",3,4,0.3036088101984113,212.1066245589355
"SAASBO, default start",3,5,0.30773424273225186,169.50559027001856
"SAASBO, default start",3,6,0.3170171391939061,154.09810226614812
"SAASBO, default start",3,7,0.30222222754759903,176.8900809515379
"SAASBO, default start",3,8,0.3129853634168461,181.9709539080705
"SAASBO, default start",3,9,0.29748823585342365,181.08476435236008
"SAASBO, default start",3,10,0.30283244257758285,183.66067030126487
"SAASBO, default start",3,11,0.30442109963616587,176.31680828640614
"SAASBO, default start",3,12,0.30053103661127606,198.325985787093
"SAASBO, default start",3,13,0.29744610131699634,179.88531029546527
"SAASBO, default start",3,14,0.313658863885391,172.11434031528276
"SAASBO, default start",3,15,0.30068830461080515,161.65722714383872
"SAASBO, default start",3,16,0.2994383625505903,182.63078800793795
"SAASBO, default start",3,17,0.29355142879004326,205.04436420514483
"SAASBO, default start",3,18,0.30134545782100175,190.2655263924519
"SAASBO, default start",3,19,0.2985211862610952,216.09205586311603
"SAASBO, default start",3,20,0.3029378321778909,202.77606182912913
"SAASBO, default start",3,21,0.31193145577474096,178.7104035360774
"SAASBO, default start",3,22,0.29985530227603674,160.2687126130074
"SAASBO, default start",3,23,0.2997085674282177,164.1544034783062
"SAASBO, default start",3,24,0.305932124685134,179.30094698329205
"SAASBO, default start",3,25,0.3077684803583876,168.6032828060407
"SAASBO, default start",3,26,0.3073399396606808,164.82100165844903
"SAASBO, default start",3,27,0.29707279435880807,221.9536354833559
"SAASBO, default start",3,28,0.28933378921796415,159.30029223032943
"SAASBO, default start",3,29,0.29049780650955676,161.32849071396845
"SAASBO, default start",3,30,0.2923741965738591,195.49433411019322
"SAASBO, default start",3,31,0.30474780781083005,152.1503181234973
"SAASBO, default start",3,32,0.3127266423291658,151.52825557196996
"SAASBO, default start",3,33,0.2945724069371393,158.90735450266612
"SAASBO, default start",3,34,0.2929221261462561,161.1818628060045
"SAASBO, default start",3,35,0.2951808411682816,161.34013331812176
"SAASBO, default start",3,36,0.28940519679905335,200.43149931129543
"SAASBO, default start",3,37,0.2889729465845498,221.90046389538432
"SAASBO, default start",3,38,0.3044251052740796,153.13210257327134
"SAASBO, default start",3,39,0.30981013511947,178.49030955750027
"SAASBO, default start",3,40,0.2919821424853433,166.11960422797173
"SAASBO, default start",3,41,0.2939030748606984,158.05839227501258
"SAASBO, default start",3,42,0.29962361938144705,155.67145326430474
"SAASBO, default start",3,43,0.29903830067851034,177.14894742394546
"SAASBO, default start",3,44,0.30209822812056414,177.43806209388532
"SAASBO, default start",3,45,0.2849204683554316,252.81402048100963
"SAASBO, default start",3,46,0.30113100628185563,169.64844230925806
"SAASBO, default start",3,47,0.2966103811263086,187.41104247303278
"SAASBO, default start",3,48,0.3174682338345638,140.70485540903917
"SAASBO, default start",3,49,0.29291758126802786,157.23938748911476
"SAASBO, default start",3,50,0.2967617068200549,155.94029590664798
"SAASBO, default start",3,51,0.28721012660367984,179.6356015852746
"SAASBO, default start",3,52,0.29087630242587786,155.69859925159184
"SAASBO, default start",3,53,0.295912371893906,152.9338109733478
"SAASBO, default start",3,54,0.2895697070818082,166.51280312655294
"SAASBO, default start",3,55,0.28749870369623165,172.9814194722322
"SAASBO, default start",3,56,0.2975427322508237,155.71144352981727
"SAASBO, default start",3,57,0.29694666139626197,152.3112317653206
"SAASBO, default start",3,58,0.2912081339021863,152.29989808713358
"SAASBO, default start",3,59,0.28542184551548044,161.79417903188465
"SAASBO, default start",3,60,0.2936559908444659,151.38122216560325
"SAASBO, default start",3,61,0.29743476501086896,154.52593064191277
"SAASBO, default start",3,62,0.3213661166910348,170.9565714088094
"SAASBO, default start",3,63,0.2808229679490054,160.70609372115135
"SAASBO, default start",3,64,0.2851739236773305,158.99524145964475
"SAASBO, default start",3,65,0.296991881280033,153.28340494151456
"SAASBO, default start",3,66,0.28587815311636683,218.10612306237766
"SAASBO, default start",3,67,0.3085978171975439,138.42477025220074
"SAASBO, default start",3,68,0.29773750868479565,153.67884205640985
"SAASBO, default start",3,69,0.2853553746556251,196.87906657285427
"SAASBO, default start",3,70,0.283973873443859,195.7611590813175
"SAASBO, default start",3,71,0.2993837901482075,157.2766890849132
"SAASBO, default start",3,72,0.281440344112066,194.57601793467285
"SAASBO, default start",3,73,0.28243648885008005,162.39528638572975
"SAASBO, default start",3,74,0.29063946753127434,151.42640772732315
"SAASBO, default start",3,75,0.28503380158934555,161.9393287720462
"SAASBO, default start",3,76,0.2911808532294801,154.97837322364117
"SAASBO, default start",3,77,0.29791678785896664,152.07124213761352
"SAASBO, default start",3,78,0.2829428590537669,225.58162692415857
"SAASBO, default start",3,79,0.2839736980895386,162.449639203744
"SAASBO, default start",3,80,0.2991398743117762,152.5624935683948
"SAASBO, default start",3,81,0.2834406767982478,158.7590326411003
"SAASBO, default start",3,82,0.28729807805750557,168.5926281768539
"SAASBO, default start",3,83,0.28552892415884773,166.2739015546658
"SAASBO, default start",3,84,0.29560199773660767,153.1766121663154
"SAASBO, default start",3,85,0.289318642136176,154.22364023004965
"SAASBO, default start",3,86,0.2944582745587051,285.30494644437175
"SAASBO, default start",3,87,0.2901645712618686,149.9756454644877
"SAASBO, default start",3,88,0.28989827482909675,160.1106694934192
"SAASBO, default start",3,89,0.2918790246246244,153.86834230453215
"SAASBO, default start",3,90,0.2927744775091207,191.3850426172035
"SAASBO, default start",3,91,0.2865026343688764,175.64783461373548
"SAASBO, default start",3,92,0.28876925168302975,150.9832033818054
"SAASBO, default start",3,93,0.2895002603121497,155.86693466132917
"SAASBO, default start",3,94,0.28973937776626635,185.98918696057518
"SAASBO, default start",3,95,0.285060370021427,160.95151145706856
"SAASBO, default start",3,96,0.2936529326369029,265.1047794679495
"SAASBO, default start",3,97,0.2875997295142561,181.54551847647528
"SAASBO, default start",3,98,0.28708682665697943,192.0386847022206
"SAASBO, default start",3,99,0.2803528830378388,161.34093053842335
"SAASBO, default start",3,100,0.2861052259065161,164.79477833621635
"SAASBO, default start",2,1,0.30706345601006757,194.30074207735836
"SAASBO, default start",2,2,0.31224049820422156,200.0622094904571
"SAASBO, default start",2,3,0.3022584217800958,188.32074230806614
"SAASBO, default start",2,4,0.3172921606256044,178.15199845549077
"SAASBO, default start",2,5,0.31023954636150486,180.2771195980065
"SAASBO, default start",2,6,0.32829882886134726,123.69476915357659
"SAASBO, default start",2,7,0.30384186610180963,173.36861961645596
"SAASBO, default start",2,8,0.3376751864247173,189.34310514357654
"SAASBO, default start",2,9,0.30935952842287584,177.25547851375552
"SAASBO, default start",2,10,0.3092834962219217,181.1210312924207
"SAASBO, default start",2,11,0.3079078071970642,182.0167180806851
"SAASBO, default start",2,12,0.31947732108557614,141.34441826712478
"SAASBO, default start",2,13,0.30147783529792777,169.02029973397595
"SAASBO, default start",2,14,0.320140000168172,177.64730717928282
"SAASBO, default start",2,15,0.29032191631314125,224.51611049074734
"SAASBO, default start",2,16,0.30558216382968345,156.03832067428038
"SAASBO, default start",2,17,0.29908806975731944,163.94118641526134
"SAASBO, default start",2,18,0.30385359070986945,162.3370083110313
"SAASBO, default start",2,19,0.3082552169853031,167.75408117604618
"SAASBO, default start",2,20,0.29207649069444536,163.03278730473875
"SAASBO, default start",2,21,0.29696871738892244,227.26333862507857
"SAASBO, default start",2,22,0.3008726320908538,189.45221699598247
"SAASBO, default start",2,23,0.29264443870264,189.5280050811431
"SAASBO, default start",2,24,0.2987403530357613,181.35492418576553
"SAASBO, default start",2,25,0.2996312547280977,184.3361928952381
"SAASBO, default start",2,26,0.41005417087677815,166.11674665365723
"SAASBO, default start",2,27,0.3007849660798611,206.0221096779039
"SAASBO, default start",2,28,0.31250763198026005,167.58393869988552
"SAASBO, default start",2,29,0.29562726548494117,179.3358075309148
"SAASBO, default start",2,30,0.3032927433051716,171.45251974115214
"SAASBO, default start",2,31,0.30018257462340514,178.69530424517697
"SAASBO, default start",2,32,0.3010708270579065,179.01733938074906
"SAASBO, default start",2,33,0.28988465726975865,180.13043637531882
"SAASBO, default start",2,34,0.294753410541436,197.82650445324805
"SAASBO, default start",2,35,0.2952583234423083,168.71252198846935
"SAASBO, default start",2,36,0.31605179426210595,180.93373500959865
"SAASBO, default start",2,37,0.3131419711481346,178.68968237472768
"SAASBO, default start",2,38,0.3057731295291603,195.3682797402174
"SAASBO, default start",2,39,0.28984428037969606,200.28302392851174
"SAASBO, default start",2,40,0.29707642766541753,206.70020712176373
"SAASBO, default start",2,41,0.31455117218969997,179.4667064136874
"SAASBO, default start",2,42,0.2855989505883359,220.31368151971063
"SAASBO, default start",2,43,0.2953883158344559,165.40098027980065
"SAASBO, default start",2,44,0.29589772510171203,258.63178174306677
"SAASBO, default start",2,45,0.29749420196639664,260.007582219256
"SAASBO, default start",2,46,0.29155040298295715,199.32760622883814
"SAASBO, default start",2,47,0.29682216247787474,204.34190635886117
"SAASBO, default start",2,48,0.3192518008235726,149.17864410489022
"SAASBO, default start",2,49,0.2937907361965225,159.90814859667123
"SAASBO, default start",2,50,0.3103981274843238,166.71210693819762
"SAASBO, default start",2,51,0.3020561248611608,186.58878315216958
"SAASBO, default start",2,52,0.3013729219673002,172.0061893839671
"SAASBO, default start",2,53,0.29371342040334986,162.98123601937
"SAASBO, default start",2,54,0.31024768469709635,165.31498906648045
"SAASBO, default start",2,55,0.3073378204707951,167.53989827909933
"SAASBO, default start",2,56,0.300503773692571,164.58937393444847
"SAASBO, default start",2,57,0.30561605314955176,155.88834686360778
"SAASBO, default start",2,58,0.29651471894897524,164.52702750631616
"SAASBO, default start",2,59,0.2992889037371029,164.77775735366853
"SAASBO, default start",2,60,0.2921999158886794,162.79877765820376
"SAASBO, default start",2,61,0.29006704200422223,159.9486672614726
"SAASBO, default start",2,62,0.2866610238446334,198.04385297949517
"SAASBO, default start",2,63,0.29195896951207656,160.20762463904575
"SAASBO, default start",2,64,0.29468941086396233,158.08528770115288
"SAASBO, default start",2,65,0.29165147631343796,160.20762463904575
"SAASBO, default start",2,66,0.29338967553016476,162.3361228229168
"SAASBO, default start",2,67,0.3078982610935715,151.90139113667013
"SAASBO, default start",2,68,0.2925645241849151,183.91946510632792
"SAASBO, default start",2,69,0.283624739784885,203.14633657116815
"SAASBO, default start",2,70,0.2856007516878846,198.27425291780372
"SAASBO, default start",2,71,0.29443244466122775,177.6219345297282
"SAASBO, default start",2,72,0.2999287215340478,197.1505381501092
"SAASBO, default start",2,73,0.28787173681140193,221.2626733623145
"SAASBO, default start",2,74,0.286209512476175,198.62580697083195
"SAASBO, default start",2,75,0.29747236367312674,151.54807876707042
"SAASBO, default start",2,76,0.28820833276861785,161.84791412776266
"SAASBO, default start",2,77,0.28750445600358665,160.35009609983453
"SAASBO, default start",2,78,0.3288464520108177,167.6329214688565
"SAASBO, default start",2,79,0.2975347407318849,152.36747504749502
"SAASBO, default start",2,80,0.2861056638241023,160.6822927924542
"SAASBO, default start",2,81,0.28768499768468914,158.9171048018157
"SAASBO, default start",2,82,0.2850100669091408,158.83723631944446
"SAASBO, default start",2,83,0.2862178338405499,158.3971826154847
"SAASBO, default start",2,84,0.2885294427233382,158.97909904738066
"SAASBO, default start",2,85,0.30730766623993055,154.52873487348933
"SAASBO, default start",2,86,0.30634286061391225,149.6368058908875
"SAASBO, default start",2,87,0.3012877484876006,154.22801042411822
"SAASBO, default start",2,88,0.2853053880461029,202.61035895216975
"SAASBO, default start",2,89,0.2990987091724266,157.71889404193183
"SAASBO, default start",2,90,0.2864146625809371,159.01288767956152
"SAASBO, default start",2,91,0.2877425892907297,158.97909904738066
"SAASBO, default start",2,92,0.2853145904287716,203.16937435061104
"SAASBO, default start",2,93,0.3036039531496232,154.62442565908904
"SAASBO, default start",2,94,0.2986921161329149,172.07660157606
"SAASBO, default start",2,95,0.2864781002604511,159.79784196182447
"SAASBO, default start",2,96,0.30205850585655714,158.26453683115741
"SAASBO, default start",2,97,0.28896499704976947,159.05322305147644
"SAASBO, default start",2,98,0.2982719237342955,161.54217773703607
"SAASBO, default start",2,99,0.29471652464598597,195.13845350609165
"SAASBO, default start",2,100,0.2898406596715379,201.6310631602452
"Ax, sparse start",3,1,0.2947619212968509,162.85075782813382
"Ax, sparse start",3,2,0.3580814598089429,100.26989884884881
"Ax, sparse start",3,3,0.3492749026858311,101.22714110087871
"Ax, sparse start",3,4,0.3494599850585093,175.97686817210905
"Ax, sparse start",3,5,0.33477233517243454,146.34380600938397
"Ax, sparse start",3,6,0.2951350045013908,234.06824865100646
"Ax, sparse start",3,7,0.7526341695740048,281.7250978359409
"Ax, sparse start",3,8,0.44714308193217717,238.38813480658087
"Ax, sparse start",3,9,0.30831476402883334,164.5381984755472
"Ax, sparse start",3,10,0.29340152595935276,184.38167781953385
"Ax, sparse start",3,11,0.3225693289117161,162.85464615388247
"Ax, sparse start",3,12,0.32166198395408585,147.21233714150702
"Ax, sparse start",3,13,0.29041864540400497,174.87621951866032
"Ax, sparse start",3,14,0.2929231557976777,216.70704477121888
"Ax, sparse start",3,15,0.30133139920606267,170.94278828940438
"Ax, sparse start",3,16,0.30358247168781477,144.5832483257663
"Ax, sparse start",3,17,0.2944029195875751,158.89372787313962
"Ax, sparse start",3,18,0.28812025624907367,233.03518130119008
"Ax, sparse start",3,19,0.28819875269350276,180.2112288350774
"Ax, sparse start",3,20,0.294524207507047,182.33668392835494
"Ax, sparse start",3,21,0.29112525947990314,182.41201742610616
"Ax, sparse start",3,22,0.30912179143180335,180.98391768421374
"Ax, sparse start",3,23,0.30273748553389307,180.54777806081873
"Ax, sparse start",3,24,0.29399284642105233,183.29283981652537
"Ax, sparse start",3,25,0.3035412406730231,145.07258090572273
"Ax, sparse start",3,26,0.29092855159257647,196.6787080653205
"Ax, sparse start",3,27,0.2877099597537002,193.1701826166806
"Ax, sparse start",3,28,0.2932138519322445,218.622866126372
"Ax, sparse start",3,29,0.29432257855587973,183.75826923750694
"Ax, sparse start",3,30,0.3009352676784589,182.46506900158192
"Ax, sparse start",3,31,0.3032949862128499,174.4623627726872
"Ax, sparse start",3,32,0.2932276118321746,222.9877914616053
"Ax, sparse start",3,33,0.30013098808745076,182.5248062974377
"Ax, sparse start",3,34,0.2986293262806558,199.82779765148007
"Ax, sparse start",3,35,0.29132109617690616,167.9985991758127
"Ax, sparse start",3,36,0.28087808799525144,198.37151741342853
"Ax, sparse start",3,37,0.3108613879370074,135.35004117030488
"Ax, sparse start",3,38,0.28513105396543825,199.44132344229243
"Ax, sparse start",3,39,0.3005541133993271,175.37848633921928
"Ax, sparse start",3,40,0.3318087471228325,86.34933687669452
"Ax, sparse start",3,41,0.31404550320713304,192.3077297118384
"Ax, sparse start",3,42,0.2963739818509301,172.1244658795456
"Ax, sparse start",3,43,0.3195560615988787,167.08883477625758
"Ax, sparse start",3,44,0.3275754603372792,145.8271600153843
"Ax, sparse start",3,45,0.2863289764126146,155.65650228643494
"Ax, sparse start",3,46,0.3126563878122431,200.43568256541786
"Ax, sparse start",3,47,0.29916433919018176,185.02524667309504
"Ax, sparse start",3,48,0.2677012626354378,193.03185525540573
"Ax, sparse start",3,49,0.30391749710489374,148.83987424807472
"Ax, sparse start",3,50,0.29310315747778665,157.62302084886815
"Ax, sparse start",3,51,0.2772391510312409,208.47301621794057
"Ax, sparse start",3,52,0.2943177075166267,158.94640046973896
"Ax, sparse start",3,53,0.2710748105289592,156.34248236216317
"Ax, sparse start",3,54,0.27030579602800736,181.12885930775238
"Ax, sparse start",3,55,0.28848840642677304,150.10048971212203
"Ax, sparse start",3,56,0.27066725097403044,159.34303435264812
"Ax, sparse start",3,57,0.28675185614259596,151.94251771329127
"Ax, sparse start",3,58,0.27245079084626883,188.48664579430368
"Ax, sparse start",3,59,0.2719474567669016,159.2166907521657
"Ax, sparse start",3,60,0.2870809167746495,212.0949864946792
"Ax, sparse start",3,61,0.2825223178691501,181.57839910639228
"Ax, sparse start",3,62,0.275912105009185,195.25690034850336
"Ax, sparse start",3,63,0.2734147938708988,186.09349808539085
"Ax, sparse start",3,64,0.2728002748936528,158.16422213492905
"Ax, sparse start",3,65,0.2699459696711708,186.79027036364937
"Ax, sparse start",3,66,0.27645743320240734,213.08775502754182
"Ax, sparse start",3,67,0.276462408860505,161.1428469170763
"Ax, sparse start",3,68,0.2844399441782257,153.83588945207916
"Ax, sparse start",3,69,0.2829724395430267,180.71656742807565
"Ax, sparse start",3,70,0.28082297275681556,161.52732364180457
"Ax, sparse start",3,71,0.27399543970037393,180.27212195590636
"Ax, sparse start",3,72,0.27584074380900586,192.21708239553803
"Ax, sparse start",3,73,0.27480852242906106,208.67002798232116
"Ax, sparse start",3,74,0.2806255671452698,194.2760421435954
"Ax, sparse start",3,75,0.28695930842279443,192.71108677118133
"Ax, sparse start",3,76,0.2945679574154605,159.9389354556338
"Ax, sparse start",3,77,0.27868926457261506,219.9650866694055
"Ax, sparse start",3,78,0.2744063838985222,161.02858016535342
"Ax, sparse start",3,79,0.2850172306326942,176.53622342593005
"Ax, sparse start",3,80,0.2807523833624022,222.63985359358813
"Ax, sparse start",3,81,0.2832669805631004,156.70562675251662
"Ax, sparse start",3,82,0.2865255027720053,160.74105062211316
"Ax, sparse start",3,83,0.2730635127236169,180.49788773655695
"Ax, sparse start",3,84,0.24133985352037063,192.38706656361379
"Ax, sparse start",3,85,0.2980919174630445,161.4243477369242
"Ax, sparse start",3,86,0.26031973236212924,151.005576207414
"Ax, sparse start",3,87,0.2457335031756878,158.5072845967368
"Ax, sparse start",3,88,0.28727487850189143,151.23074656619826
"Ax, sparse start",3,89,0.2461019215002797,158.4887656682134
"Ax, sparse start",3,90,0.25634391006714574,149.8712016806889
"Ax, sparse start",3,91,0.24542870139001643,163.01083423985293
"Ax, sparse start",3,92,0.2605007143720945,149.04160891586045
"Ax, sparse start",3,93,0.29014851229211797,150.6271248048768
"Ax, sparse start",3,94,0.26127130650206676,148.7518663057724
"Ax, sparse start",3,95,0.246726148237538,160.65964485663665
"Ax, sparse start",3,96,0.2644961571444297,197.77645145160764
"Ax, sparse start",3,97,0.2452970972392518,161.68445919587495
"Ax, sparse start",3,98,0.2830104034549093,150.22685643572376
"Ax, sparse start",3,99,0.26053175119969313,161.1869884857512
"Ax, sparse start",3,100,0.2863805329877497,279.59539061408276
"Ax, sparse start",2,1,0.3121435820572656,80.70330123487503
"Ax, sparse start",2,2,0.309203211808919,166.2918011070015
"Ax, sparse start",2,3,0.4251133294793251,94.28479257402867
"Ax, sparse start",2,4,0.33983397267960785,91.5871552776559
"Ax, sparse start",2,5,0.27581897339765293,219.17276250529923
"Ax, sparse start",2,6,0.2669488022353624,209.19438743389514
"Ax, sparse start",2,7,0.32507308094414356,126.4265257799318
"Ax, sparse start",2,8,0.2836194457695056,212.8451345905235
"Ax, sparse start",2,9,0.2781589731705486,187.84640196191617
"Ax, sparse start",2,10,0.29482945132607197,162.0010588658907
"Ax, sparse start",2,11,0.31224049820422156,200.0622094904571
"Ax, sparse start",2,12,0.27989631109796026,179.37345447504862
"Ax, sparse start",2,13,0.2705286572359929,159.48291517643474
"Ax, sparse start",2,14,0.2593204404245365,157.62334604870338
"Ax, sparse start",2,15,0.25953782713991186,155.0629724213519
"Ax, sparse start",2,16,0.258420976178954,171.33607956709315
"Ax, sparse start",2,17,0.2470718991935477,164.81486368688007
"Ax, sparse start",2,18,0.24359023406601688,179.00021691066465
"Ax, sparse start",2,19,0.2724296905264895,158.39013797568094
"Ax, sparse start",2,20,0.24836358239252568,176.56284629731238
"Ax, sparse start",2,21,0.2528612463014122,173.18592851117305
"Ax, sparse start",2,22,0.24575481046262468,163.3328966921418
"Ax, sparse start",2,23,0.24205068395707457,173.64520075497012
"Ax, sparse start",2,24,0.2495654560875013,170.68494350422003
"Ax, sparse start",2,25,0.281086885332699,158.6754341666263
"Ax, sparse start",2,26,0.2521398772796606,149.63275933613554
"Ax, sparse start",2,27,0.24071586844811854,160.1896192855889
"Ax, sparse start",2,28,0.24283386298733475,152.632900369825
"Ax, sparse start",2,29,0.3223189428400504,181.84102683932724
"Ax, sparse start",2,30,0.24202037619027683,174.15839412291055
"Ax, sparse start",2,31,0.24118012007576584,165.8313610469496
"Ax, sparse start",2,32,0.2529638023247733,163.4140977832643
"Ax, sparse start",2,33,0.2655765729504406,188.94211081311215
"Ax, sparse start",2,34,0.2581478336556995,178.79089696911672
"Ax, sparse start",2,35,0.2410834740844883,159.32660144630597
"Ax, sparse start",2,36,0.27848711716391866,178.55576659166897
"Ax, sparse start",2,37,0.2557111888768914,168.5420687274486
"Ax, sparse start",2,38,0.25187749704307,169.32889213147672
"Ax, sparse start",2,39,0.24168373101297536,183.7585424081574
"Ax, sparse start",2,40,0.23727152519843625,181.36790303213053
"Ax, sparse start",2,41,0.24777291930702147,193.35718811807345
"Ax, sparse start",2,42,0.24186393375531925,178.58917322414726
"Ax, sparse start",2,43,0.24445988363712898,173.04433209372533
"Ax, sparse start",2,44,0.2478961807067663,157.74664427506815
"Ax, sparse start",2,45,0.2477513688844204,160.6084947670298
"Ax, sparse start",2,46,0.240423986804358,150.2746096206592
"Ax, sparse start",2,47,0.2513859193309143,189.50000432711403
"Ax, sparse start",2,48,0.2504715589836876,203.74310767381985
"Ax, sparse start",2,49,0.2510599570313829,152.71431361215184
"Ax, sparse start",2,50,0.24074497242572365,203.3426817136889
"Ax, sparse start",2,51,0.24305945393917577,159.30027923119994
"Ax, sparse start",2,52,0.28858312262315916,200.69112240195022
"Ax, sparse start",2,53,0.2434222028184145,177.55672454040615
"Ax, sparse start",2,54,0.2451367205028306,167.00300927741924
"Ax, sparse start",2,55,0.2812694109877119,181.0366854563177
"Ax, sparse start",2,56,0.28326882185929,251.76936689761638
"Ax, sparse start",2,57,0.24538918881114685,153.25927933494322
"Ax, sparse start",2,58,0.25471693427424863,160.77127904545634
"Ax, sparse start",2,59,0.3205488741819848,182.27807347555108
"Ax, sparse start",2,60,0.23815502638310024,193.51711403674776
"Ax, sparse start",2,61,0.4416900323286716,180.3864766713567
"Ax, sparse start",2,62,0.24221935052890856,178.80629216528592
"Ax, sparse start",2,63,0.26521588893055137,176.13582049496475
"Ax, sparse start",2,64,0.2443490193395855,180.71676759724596
"Ax, sparse start",2,65,0.28391515874196255,216.1470696320367
"Ax, sparse start",2,66,0.2439735376415981,211.23156153639277
"Ax, sparse start",2,67,0.24161999251781488,206.50340967271356
"Ax, sparse start",2,68,0.241222976361787,151.7467925624161
"Ax, sparse start",2,69,0.24076975793429775,266.52652841758197
"Ax, sparse start",2,70,0.24245264773436515,170.52721926855426
"Ax, sparse start",2,71,0.24415342812369267,178.4346243709667
"Ax, sparse start",2,72,0.24487444773072048,215.99495056605468
"Ax, sparse start",2,73,0.23996253288023042,269.35087769864697
"Ax, sparse start",2,74,0.2845098807262694,245.34892920086347
"Ax, sparse start",2,75,0.24857269838044085,152.60789418707824
"Ax, sparse start",2,76,0.27485513460383887,200.10168179098443
"Ax, sparse start",2,77,0.2601113290488981,242.40742399057942
"Ax, sparse start",2,78,0.2906934195277694,168.38240698204405
"Ax, sparse start",2,79,0.24289721886017557,180.29822111354352
"Ax, sparse start",2,80,0.2412670673613876,158.57323138374687
"Ax, sparse start",2,81,0.2454403681301201,212.01824958196775
"Ax, sparse start",2,82,0.2524152046347485,153.49558851285988
"Ax, sparse start",2,83,0.2475572571362975,180.40712285401474
"Ax, sparse start",2,84,0.24571630030924604,160.04579103736526
"Ax, sparse start",2,85,0.2415158846139235,176.7897804215596
"Ax, sparse start",2,86,0.2406963591326934,175.63769894472043
"Ax, sparse start",2,87,0.24489141472375017,152.91446405950646
"Ax, sparse start",2,88,0.24790319220106913,161.78974695400558
"Ax, sparse start",2,89,0.2535821973770367,163.96817186569413
"Ax, sparse start",2,90,0.25584094272847,175.4643827979574
"Ax, sparse start",2,91,0.2671914588124474,216.29290274198905
"Ax, sparse start",2,92,0.25177470725535883,172.32719872709177
"Ax, sparse start",2,93,0.2460371112163669,178.5548264853516
"Ax, sparse start",2,94,0.25497632380414426,152.4586922075652
"Ax, sparse start",2,95,0.2555137513759636,155.0193596507727
"Ax, sparse start",2,96,0.24348012682907536,174.7728540644834
"Ax, sparse start",2,97,0.24692047521319727,160.82094816634762
"Ax, sparse start",2,98,0.2781492496939443,275.8692171752514
"Ax, sparse start",2,99,0.24285690127882564,152.84133900149087
"Ax, sparse start",2,100,0.24400458088215818,214.9772048813031
"Ax, sparse start",1,1,0.5091336399248593,309.8110851895024
"Ax, sparse start",1,2,0.6063410140986293,124.10719211805795
"Ax, sparse start",1,3,0.2871950154219601,195.03804426800363
"Ax, sparse start",1,4,0.2797252334651778,199.79548815229649
"Ax, sparse start",1,5,0.3212009683354321,226.06876999124404
"Ax, sparse start",1,6,0.29176251846827705,150.6082844538441
"Ax, sparse start",1,7,0.31204673853943876,228.41357511447566
"Ax, sparse start",1,8,0.3192918680472774,347.37288419510617
"Ax, sparse start",1,9,0.2923263676795937,237.69061209653597
"Ax, sparse start",1,10,0.39839064782845457,276.95345234769775
"Ax, sparse start",1,11,0.3169300208003805,185.73269842951336
"Ax, sparse start",1,12,0.30638967262426214,178.6080487808937
"Ax, sparse start",1,13,0.32601931630730874,178.35646503467675
"Ax, sparse start",1,14,0.28457948556372464,157.63673007492832
"Ax, sparse start",1,15,0.2802505964138881,157.53516818510366
"Ax, sparse start",1,16,0.2824337316177645,157.39176457103463
"Ax, sparse start",1,17,0.299468649867276,152.41214207840943
"Ax, sparse start",1,18,0.28069471870037793,209.5588407266034
"Ax, sparse start",1,19,0.29728613538362664,153.42422172097326
"Ax, sparse start",1,20,0.2788640826125729,208.57725211963702
"Ax, sparse start",1,21,0.2831214544880445,209.80102411747265
"Ax, sparse start",1,22,0.28778592946292736,159.25613281572268
"Ax, sparse start",1,23,0.2821563710777538,157.35723084393047
"Ax, sparse start",1,24,0.2835041658461602,158.42048373063713
"Ax, sparse start",1,25,0.3067839007871365,132.202037903251
"Ax, sparse start",1,26,0.28691593020042905,157.9834227508439
"Ax, sparse start",1,27,0.28538696180516004,157.28069240396528
"Ax, sparse start",1,28,0.3463395740413615,184.73610264705277
"Ax, sparse start",1,29,0.3172587151062606,161.0845302674542
"Ax, sparse start",1,30,0.28443833846529776,202.84487880529778
"Ax, sparse start",1,31,0.2902055776404921,157.67766900922746
"Ax, sparse start",1,32,0.28896648159767585,158.85509691417766
"Ax, sparse start",1,33,0.3078688158509748,163.13609003334633
"Ax, sparse start",1,34,0.2831531840649044,180.53048875568805
"Ax, sparse start",1,35,0.28278024778629857,157.4025986931733
"Ax, sparse start",1,36,0.29833702608309687,140.28676098010234
"Ax, sparse start",1,37,0.2875011338013354,176.1395329153297
"Ax, sparse start",1,38,0.28297782189118237,186.51229306257483
"Ax, sparse start",1,39,0.27915516042604605,194.38133333358894
"Ax, sparse start",1,40,0.2876111095605638,157.37950986693195
"Ax, sparse start",1,41,0.2820264189445221,183.5910296653903
"Ax, sparse start",1,42,0.2978915012379789,152.29048129870657
"Ax, sparse start",1,43,0.2775195317876663,209.13540677941984
"Ax, sparse start",1,44,0.28389094737287,208.18215984853958
"Ax, sparse start",1,45,0.288650064749239,213.63162205054687
"Ax, sparse start",1,46,0.282058191270904,183.8579264241076
"Ax, sparse start",1,47,0.2785190544526523,208.4800687295239
"Ax, sparse start",1,48,0.2807900831219707,209.9672346279571
"Ax, sparse start",1,49,0.28177237130487337,158.85904113161962
"Ax, sparse start",1,50,0.2908934082392442,197.93671687508657
"Ax, sparse start",1,51,0.3851946298059734,262.5699715875843
"Ax, sparse start",1,52,0.2810850891436045,167.78894142624864
"Ax, sparse start",1,53,0.2820692713898363,172.72933235355018
"Ax, sparse start",1,54,0.2827760310012894,226.07741637390876
"Ax, sparse start",1,55,0.30336791449162487,205.36525235374856
"Ax, sparse start",1,56,0.3250214225701613,177.05810423070542
"Ax, sparse start",1,57,0.3100427440403754,178.36400583771666
"Ax, sparse start",1,58,0.28244740001805024,158.85509691417766
"Ax, sparse start",1,59,0.3172464063083296,186.28470987031434
"Ax, sparse start",1,60,0.311463520473435,194.5864026497319
"Ax, sparse start",1,61,0.3113731236880131,186.07538691218357
"Ax, sparse start",1,62,0.3154500696938055,185.93267898165573
"Ax, sparse start",1,63,0.30533072635925856,127.91049053165315
"Ax, sparse start",1,64,0.3049951157987372,194.98302699512712
"Ax, sparse start",1,65,0.3367286207799248,177.0894004620198
"Ax, sparse start",1,66,0.319843649623838,182.71262815864523
"Ax, sparse start",1,67,0.3119155983414278,225.31756774116164
"Ax, sparse start",1,68,0.31176490183015476,189.67088632247203
"Ax, sparse start",1,69,0.3061814868561571,185.38201779482364
"Ax, sparse start",1,70,0.3309483340680315,184.5571113837638
"Ax, sparse start",1,71,0.3079338583164245,178.50048479334032
"Ax, sparse start",1,72,0.30940061483411907,187.7562144529258
"Ax, sparse start",1,73,0.3060785216352999,184.1076871372181
"Ax, sparse start",1,74,0.30585637813673394,202.73276018834886
"Ax, sparse start",1,75,0.31768733869340043,174.86040449395193
"Ax, sparse start",1,76,0.3086170728022928,193.14873152353874
"Ax, sparse start",1,77,0.30978259691028753,187.82578968544038
"Ax, sparse start",1,78,0.3057592754631006,178.3954838511023
"Ax, sparse start",1,79,0.30407195768753775,181.99548463138817
"Ax, sparse start",1,80,0.314388951925382,169.71808515517486
"Ax, sparse start",1,81,0.3072711411184213,185.37128906939432
"Ax, sparse start",1,82,0.2877052933824438,142.86261397025163
"Ax, sparse start",1,83,0.28555719889319175,197.65611021518907
"Ax, sparse start",1,84,0.309805817948997,193.6653526906439
"Ax, sparse start",1,85,0.2837210360873957,181.06836820254256
"Ax, sparse start",1,86,0.2818675020979026,167.11653226385363
"Ax, sparse start",1,87,0.3196211937636145,179.9482471710287
"Ax, sparse start",1,88,0.31317427946941284,196.00402008231723
"Ax, sparse start",1,89,0.28589106214477,164.3770503552418
"Ax, sparse start",1,90,0.28646114109650633,157.98417782044191
"Ax, sparse start",1,91,0.2881130559170794,158.03452699940456
"Ax, sparse start",1,92,0.29912661595315165,171.61767082778994
"Ax, sparse start",1,93,0.3037019857195896,184.36688954174264
"Ax, sparse start",1,94,0.2781127650765758,211.25874207575444
"Ax, sparse start",1,95,0.3806858581463142,84.77567779233192
"Ax, sparse start",1,96,0.4060897008668135,179.1602413439125
"Ax, sparse start",1,97,0.301870807347362,203.54565566373262
"Ax, sparse start",1,98,0.3032307238948398,178.7674539711407
"Ax, sparse start",1,99,0.3149600480611349,173.03576367432396
"Ax, sparse start",1,100,0.2827258290808452,160.6934679802079
"SAASBO, sparse start",2,1,0.3121435820572656,80.70330123487503
"SAASBO, sparse start",2,2,0.309203211808919,166.2918011070015
"SAASBO, sparse start",2,3,0.4251133294793251,94.28479257402867
"SAASBO, sparse start",2,4,0.33983397267960785,91.5871552776559
"SAASBO, sparse start",2,5,0.27581897339765293,219.17276250529923
"SAASBO, sparse start",2,6,0.2669488022353624,209.19438743389514
"SAASBO, sparse start",2,7,0.32507308094414356,126.4265257799318
"SAASBO, sparse start",2,8,0.2836194457695056,212.8451345905235
"SAASBO, sparse start",2,9,0.2781589731705486,187.84640196191617
"SAASBO, sparse start",2,10,0.29482945132607197,162.0010588658907
"SAASBO, sparse start",2,11,0.31224049820422156,200.0622094904571
"SAASBO, sparse start",2,12,0.28573284466224025,152.1004060148734
"SAASBO, sparse start",2,13,0.308142764994289,147.27783132107507
"SAASBO, sparse start",2,14,0.30189854800143506,160.23095391607458
"SAASBO, sparse start",2,15,0.27220301884308956,222.2518316315969
"SAASBO, sparse start",2,16,0.2908253823244894,224.38187824801403
"SAASBO, sparse start",2,17,0.28540871297800763,187.01255905666216
"SAASBO, sparse start",2,18,0.3103854550434067,172.34875020325399
"SAASBO, sparse start",2,19,0.292450070668248,287.39859157853033
"SAASBO, sparse start",2,20,0.28202612550342043,187.8514584729924
"SAASBO, sparse start",2,21,0.31019904999464276,223.43686983695156
"SAASBO, sparse start",2,22,0.2939919575848597,150.19788828689917
"SAASBO, sparse start",2,23,0.31258673703227996,152.04654227405894
"SAASBO, sparse start",2,24,0.29033675794878283,151.42013275677945
"SAASBO, sparse start",2,25,0.28207195082264613,172.32808048436615
"SAASBO, sparse start",2,26,0.3453485175197036,146.31206854022878
"SAASBO, sparse start",2,27,0.3074909207371002,198.03486712739578
"SAASBO, sparse start",2,28,0.29707262531282985,175.37377245217098
"SAASBO, sparse start",2,29,0.26886982623899863,190.2495913400096
"SAASBO, sparse start",2,30,0.288855395512032,167.93113040996673
"SAASBO, sparse start",2,31,0.3065973741903544,185.6627272948374
"SAASBO, sparse start",2,32,0.29163759433021136,152.43435202181922
"SAASBO, sparse start",2,33,0.29759198004274,212.43485236253272
"SAASBO, sparse start",2,34,0.297535467246372,155.83650790336122
"SAASBO, sparse start",2,35,0.3299748218790183,154.91931866345826
"SAASBO, sparse start",2,36,0.29661473029281044,181.03937435056514
"SAASBO, sparse start",2,37,0.2969313084706718,151.1636119019262
"SAASBO, sparse start",2,38,0.28238720128290945,153.55061516533567
"SAASBO, sparse start",2,39,0.2923033559216581,199.7066597269862
"SAASBO, sparse start",2,40,0.32892567840799386,163.72794681201302
"SAASBO, sparse start",2,41,0.297672255879593,197.05452382739895
"SAASBO, sparse start",2,42,0.30262643387929233,164.10743397330913
"SAASBO, sparse start",2,43,0.28645067405287766,169.76163262506265
"SAASBO, sparse start",2,44,0.2943950373637699,172.65897268974345
"SAASBO, sparse start",2,45,0.2938308168136446,173.16668426073855
"SAASBO, sparse start",2,46,0.32285905035597556,127.00663582158862
"SAASBO, sparse start",2,47,0.29167919219246324,276.94745753901896
"SAASBO, sparse start",2,48,0.32239165353293153,128.93269537050747
"SAASBO, sparse start",2,49,0.2786741550295134,179.31576750882152
"SAASBO, sparse start",2,50,0.27042619548103997,175.33552290207504
"SAASBO, sparse start",2,51,0.3043955274382416,185.43281110536748
"SAASBO, sparse start",2,52,0.2978095099127153,156.1491990197139
"SAASBO, sparse start",2,53,0.308034340471489,123.05471774395387
"SAASBO, sparse start",2,54,0.4081787353955425,144.0006028126208
"SAASBO, sparse start",2,55,0.2743996294087415,165.50898948259592
"SAASBO, sparse start",2,56,0.29899252517844016,163.06633318670904
"SAASBO, sparse start",2,57,0.24385856662347816,214.59094981351194
"SAASBO, sparse start",2,58,0.29429447801600056,186.214305185065
"SAASBO, sparse start",2,59,0.27841880845507655,161.08314105033293
"SAASBO, sparse start",2,60,0.25276376491691616,179.4527542581446
"SAASBO, sparse start",2,61,0.24385702956846858,151.8629102897511
"SAASBO, sparse start",2,62,0.27475370617392914,159.19942279928793
"SAASBO, sparse start",2,63,0.3671055664396793,151.97706512778663
"SAASBO, sparse start",2,64,0.24966950328804796,152.5690216633998
"SAASBO, sparse start",2,65,0.2509523336984947,159.29360266953444
"SAASBO, sparse start",2,66,0.255818802477212,146.41323337515666
"SAASBO, sparse start",2,67,0.2438185471894185,159.29822398573452
"SAASBO, sparse start",2,68,0.2474114208625352,166.54221714808793
"SAASBO, sparse start",2,69,0.2553197336240546,149.682065068958
"SAASBO, sparse start",2,70,0.2538289214013415,152.43575762285855
"SAASBO, sparse start",2,71,0.2553014490380555,151.7962055751107
"SAASBO, sparse start",2,72,0.25144735729396384,153.33972912927044
"SAASBO, sparse start",2,73,0.2476263268343846,159.69269256455735
"SAASBO, sparse start",2,74,0.2561863368059853,149.05804684611485
"SAASBO, sparse start",2,75,0.2522252179350743,155.25507072937822
"SAASBO, sparse start",2,76,0.2508284877072633,162.8561738816929
"SAASBO, sparse start",2,77,0.28931367486454457,199.2280069002284
"SAASBO, sparse start",2,78,0.28962014495386657,157.61401558371338
"SAASBO, sparse start",2,79,0.2834859667595443,169.80818471479094
"SAASBO, sparse start",2,80,0.2499606125217192,163.18469980562008
"SAASBO, sparse start",2,81,0.25340009797663937,163.39665212960983
"SAASBO, sparse start",2,82,0.27177055210515205,167.41550188578458
"SAASBO, sparse start",2,83,0.25749861789221956,167.41348276890713
"SAASBO, sparse start",2,84,0.30029112722840484,149.8803670923598
"SAASBO, sparse start",2,85,0.24691983565353814,163.80071580328297
"SAASBO, sparse start",2,86,0.24253299282924257,153.80576156824193
"SAASBO, sparse start",2,87,0.28234184360299913,169.46605050140698
"SAASBO, sparse start",2,88,0.2750597549858395,156.87780183139307
"SAASBO, sparse start",2,89,0.2498124174658535,149.14708089230683
"SAASBO, sparse start",2,90,0.24233551255663577,159.78932981415758
"SAASBO, sparse start",2,91,0.25068760282742447,212.9622582258497
"SAASBO, sparse start",2,92,0.3056272733574838,123.77361352610167
"SAASBO, sparse start",2,93,0.26917857999173395,159.2948485608982
"SAASBO, sparse start",2,94,0.2723431870229315,137.0641243817061
"SAASBO, sparse start",2,95,0.2746125946338391,133.88079649383508
"SAASBO, sparse start",2,96,0.2444809786533057,159.41742670313621
"SAASBO, sparse start",2,97,0.25129753200635796,162.80683794690665
"SAASBO, sparse start",2,98,0.24207779854742015,153.35730574693463
"SAASBO, sparse start",2,99,0.31241254988274075,160.02637720687082
"SAASBO, sparse start",2,100,0.29472074134097614,159.52831412092098
